run_date,source,store,product_id,product_name,price_eur,quantity_total,quantity_unit,unit_price,unit_price_unit,valid_from,valid_to,loyalty_required,confidence,source_url,evidence,classification
2026-07-30,lidl,Lidl Pioltello - Via Giorgio Amendola 13,coca_cola_15l,"Coca-Cola 1,5 L",,,,,,,,True,0.47,https://www.lidl.it/c/super-offerte-kw-31-26/a10099649,"3.66 € in punto vendita dal 30.07. al 05.08. tonno all'olio d'oliva per 2.99 eur tonno all'olio d'oliva lo trovi in zona casse 3.74 € -20% 2.99€ 3x80 g confezione 1 kg 12.46 €, 1 kg sgocc. 19.17 € in punto vendita dal 30.07. al 05.08. maxibon biscotto gelato per 2.99 eur nestle maxibon biscotto gelato -33% 2.99€ 384 g confezione 1 kg 7.79 € in punto vendita dal 30.07. al 05.08. bibita analcolica gassata per 2.49 eur coca cola bibita analcolica gassata 3.69 € -32% 2.49€ 2 x 1.5 l confezione 1 l 0.83 € in punto vendita dal 30.07. al 05.08. offerte attuali da giovedi 30/07 lidl plus da giovedi 30/07 super offerte da giovedi 30/07 frutta e verdura da giovedi 30/07 carne e pesce da giovedi 30/07 lidl mega offerte da giovedi 30/07 alesto la vita prende gusto da giovedi 30/07 inflazione zero da giovedi 30/07 vitasia - sapori in stile o",DA VERIFICARE
2026-08-03,lidl,Lidl Pioltello - Via Giorgio Amendola 13,coca_cola_15l,"Coca-Cola 1,5 L",,,,,,,,True,0.47,https://www.lidl.it/c/super-offerte-kw-31-26/a10099649,"3.66 € in punto vendita dal 30.07. al 05.08. tonno all'olio d'oliva per 2.99 eur tonno all'olio d'oliva lo trovi in zona casse 3.74 € -20% 2.99€ 3x80 g confezione 1 kg 12.46 €, 1 kg sgocc. 19.17 € in punto vendita dal 30.07. al 05.08. maxibon biscotto gelato per 2.99 eur nestle maxibon biscotto gelato -33% 2.99€ 384 g confezione 1 kg 7.79 € in punto vendita dal 30.07. al 05.08. bibita analcolica gassata per 2.49 eur coca cola bibita analcolica gassata da -32% 2.49€ 2 x 1.5 l confezione 1 l 0.83 € in punto vendita dal 30.07. al 05.08. offerte attuali offerte future da giovedi 30/07 lidl plus da giovedi 30/07 super offerte da giovedi 30/07 frutta e verdura da giovedi 30/07 carne e pesce da giovedi 30/07 inflazione zero da giovedi 30/07 l'estate con lidl da giovedi 30/07 vitasia - sapori in stile orientale da giovedi 30/07 alesto l",DA VERIFICARE
2026-08-13,lidl,Lidl Pioltello - Via Giorgio Amendola 13,coca_cola_15l,"Coca-Cola 1,5 L",,,,,,,,True,0.47,https://www.lidl.it/h/drink/h10071022,"cerca bevande home / cibo e bevande succhi e sciroppi bevande analcoliche filtra ordina ordina per rilevanza 8 prodotti cocktail per 0.59 eur freeway cocktail 0.79 € -25% 0.59€ 1 l bottiglia in punto vendita dal 13.08. al 19.08. bibita analcolica gassata per 0.75 eur coca cola bibita analcolica gassata 1.05 € con lidl plus -28% 0.75€ 0.5 l lattina, 1 l 1.50 € in punto vendita dal 13.08. al 19.08. aperitivo analcolico al pompelmo per 1.69 eur freeway aperitivo analcolico al pompelmo 2.19 € -22% 1.69€ 4x 0.2 l confezione 1 l 2.11 € in punto vendita dal 13.08. al 19.08. acqua tonica al bergamotto per 2.99 eur acqua tonica al bergamotto approfittane ora 2.99€ 4x 200 ml confezione 1 l",DA VERIFICARE
2026-08-17,lidl,Lidl Pioltello - Via Giorgio Amendola 13,acqua_santanna_naturale_15_2l,"Acqua Sant'Anna naturale 1,5 L o 2 L",,,,,,,,True,0.47,https://www.lidl.it/c/lidl-mega-offerte-kw-34-26/a10101070,"1.99€ 500 g confezione 1 kg 3.98 € solo in punto vendita dal 20.08. al 23.08. sughi pronti per pasta e risotti per 1.59 eur ocean sea sughi pronti per pasta e risotti 2.29 € -30% 1.59€ 300 g confezione 1 kg 5.30 € solo in punto vendita dal 20.08. al 23.08. radler per 1.38 eur perlenbacher radler 3x2 2.07 € -33% 1.38€ 3x 0.5 l 1 l 0.92 € solo in punto vendita dal 20.08. al 23.08. acqua minerale naturale per 3.99 eur sant'anna acqua minerale naturale approfittane ora 3.99€ 24x 0,5 l confezione 1 l 0.33 € solo in punto vendita dal 20.08. al 23.08. cornetto per 3.69 eur algida cornetto 5.49 € -32% 3.69€ 450 g confezione 1 kg 8.20 € solo in punto vendita dal 20.08. al 23.08. offerte attuali offerte future da giovedi 13/08 lidl plus da giovedi 13/08 speciale grigliata da giovedi 13/08 frutta e verdura da giovedi 13/08 carne e pesce d",DA VERIFICARE
2026-08-17,lidl,Lidl Pioltello - Via Giorgio Amendola 13,coca_cola_15l,"Coca-Cola 1,5 L",,,,,,,,True,0.47,https://www.lidl.it/h/drink/h10071022,"cerca bevande home / cibo e bevande succhi e sciroppi bevande analcoliche filtra ordina ordina per rilevanza 9 prodotti cocktail per 0.59 eur freeway cocktail 0.79 € -25% 0.59€ 1 l bottiglia in punto vendita dal 13.08. al 19.08. cedrata per 0.55 eur freeway cedrata 0.69 € -20% 0.55€ 1,5 l bottiglia 1 l 0.37 € solo in punto vendita dal 20.08. al 26.08. bibita analcolica gassata per 0.75 eur coca cola bibita analcolica gassata 1.05 € con lidl plus -28% 0.75€ 0.5 l lattina, 1 l 1.50 € solo in punto vendita dal 13.08. al 19.08. aperitivo analcolico al pompelmo per 1.69 eur freeway aperitivo analcolico al pompelmo 2.19 € -22% 1.69€ 4x 0.2 l confezione 1 l 2.11 € solo in punto vendita dal 13.08. al 19.08. prodotti visualizzati 9 / 9 prodotto note legali non-food per questo articolo sussiste la possibilita ch",DA VERIFICARE
2026-08-20,lidl,Lidl Pioltello - Via Giorgio Amendola 13,acqua_santanna_naturale_15_2l,"Acqua Sant'Anna naturale 1,5 L o 2 L",,,,,,,,True,0.47,https://www.lidl.it/c/lidl-mega-offerte-kw-34-26/a10101070,"ese 3.99 € -50% 1.99€ 500 g confezione 1 kg 3.98 € in punto vendita dal 20.08. al 23.08. sughi pronti per pasta e risotti per 1.59 eur ocean sea sughi pronti per pasta e risotti 2.29 € -30% 1.59€ 300 g confezione 1 kg 5.30 € in punto vendita dal 20.08. al 23.08. radler per 1.38 eur perlenbacher radler 3x2 2.07 € -33% 1.38€ 3x 0.5 l 1 l 0.92 € in punto vendita dal 20.08. al 23.08. acqua minerale naturale per 3.99 eur sant'anna acqua minerale naturale approfittane ora 3.99€ 24x 0,5 l confezione 1 l 0.33 € in punto vendita dal 20.08. al 23.08. cornetto per 3.69 eur algida cornetto 5.49 € -32% 3.69€ 450 g confezione 1 kg 8.20 € in punto vendita dal 20.08. al 23.08. offerte attuali da giovedi 20/08 lidl plus da giovedi 20/08 xxl da giovedi 20/08 frutta e verdura da giovedi 20/08 carne e pesce da giovedi 20/08 super offerte da giovedi",DA VERIFICARE
2026-08-24,lidl,Lidl Pioltello - Via Giorgio Amendola 13,acqua_santanna_naturale_15_2l,"Acqua Sant'Anna naturale 1,5 L o 2 L",,,,,,,,False,0.47,https://www.lidl.it/h/drink/h10071022,"cerca bevande home / cibo e bevande acqua bevande analcoliche filtra ordina ordina per rilevanza 3 prodotti cedrata per 0.55 eur freeway cedrata 0.69 € -20% 0.55€ 1,5 l bottiglia 1 l 0.37 € in punto vendita dal 20.08. al 26.08. acqua minerale naturale per 3.99 eur sant'anna acqua minerale naturale approfittane ora 3.99€ 24x 0,5 l confezione 1 l 0.33 € acqua minerale frizzante per 1.59 eur eva acqua minerale frizzante approfittane ora 1.59€ 6x 1 l confezione 1 l 0.27 € solo in punto vendita dal 27.08. prodotti visualizzati 3 / 3 prodotto note legali non-food per questo articolo sussiste la possibilita che, in casi eccezionali e nonostante l'attento approvvigionamento, si esauri",DA VERIFICARE
2026-08-31,lidl,Lidl Pioltello - Via Giorgio Amendola 13,coca_cola_15l,"Coca-Cola 1,5 L",,,,,,,,True,0.47,https://www.lidl.it/c/lidl-mega-offerte-kw-36-26/a10101814,"alame milano 1.55 € -0,32 1.05€ 150 g confezione 1 kg 7.00 € solo in punto vendita dal 03.09. al 06.09. ciliegine di mozzarella per 0.64 eur milbona ciliegine di mozzarella 1.29 € con lidl plus -50% 0.64€ 150 g confezione 1 kg 4.27 € solo in punto vendita dal 03.09. al 09.09. pistacchi per 5.99 eur alesto pistacchi 7.99 € con lidl plus -2.00€ 5.99€ 500 g confezione 1 kg 11.98 € bibita analcolica gassata per 2.49 eur coca cola bibita analcolica gassata 3.69 € -0,32 2.49€ 2x 1,5 l confezione 1 l 0.83 € solo in punto vendita dal 03.09. al 06.09. offerte attuali offerte future da giovedi 27/08 lidl plus da giovedi 27/08 super offerte da giovedi 27/08 frutta e verdura da giovedi 27/08 carne e pesce da giovedi 27/08 inflazione zero da giovedi 27/08 el tequito- sapori in stile messicano da giovedi 27/08 parkside - fai da te e giardino",DA VERIFICARE
2026-08-31,lidl,Lidl Pioltello - Via Giorgio Amendola 13,the_santanna_15l,"Tè Sant'Anna 1,5 L",0.59,1.5,l,0.39,l,,,False,0.97,https://www.lidl.it/h/drink/h10071022,"osa per 1.49 eur el tequito nettare di guava rosa 1.49€ 1 l confezione solo in punto vendita dal 27.08. bevande zero alla frutta per 0.89 eur solevita bevande zero alla frutta 1.19 € -25% 0.89€ 1 l confezione in punto vendita dal 27.08. al 02.09. te alla pesca per 0.89 eur freeway te alla pesca 1.19 € -25% 0.89€ 6x 200 ml confezione 1 l 0.74 € solo in punto vendita dal 03.09. al 09.09. santhe alla pesca per 0.59 eur sant'anna santhe alla pesca sottocosto 0.59€ 1,5 l bottiglia 1 l 0.39 € solo in punto vendita dal 03.09. al 12.09. prodotti visualizzati 7 / 7 prodotto note legali non-food per questo articolo sussiste la possibilita che, in casi eccezionali e nonostante l'attento approvvigionamento, si esaurisca entro breve tempo. i modelli raffigurati possono non essere disponibili in tutte le misure e in tutti i colori. tutti i pr",MIGLIORE DI OGGI
